medicine_id,canonical_name,brand_name,aliases,strength,dosage_form,manufacturer,ocr_keywords,lookalike_group_id,discriminators,category_use_text,instruction_text,source_reference,updated_at
MED-001,Paracetamol,Crocin 500,paracetamol|acetaminophen|crocin|crocin 500|dolo|paracip|pyrigesic|calpol|febrex,500 mg,Tablet,GSK Consumer Healthcare,paracetamol|500|mg|tablet|crocin|acetaminophen|dolo|paracip,LA-PARA,strength,Fever / Pain relief,"Take 1 tablet every 4–6 hours as needed. Do not exceed 4 tablets in 24 hours. Take with or without food.",Crocin 500 — GSK Consumer Healthcare India,2026-09-19
MED-002,Paracetamol,Dolo 650,paracetamol|acetaminophen|dolo|dolo 650|paracetamol 650|calpol 650|pacimol,650 mg,Tablet,Micro Labs Ltd,paracetamol|650|mg|tablet|dolo|dolo650|calpol,LA-PARA,strength,Fever / Pain relief,"Take 1 tablet every 6–8 hours. Do not take more than 3 tablets in 24 hours. Consult doctor if fever persists beyond 3 days.",Dolo 650 — Micro Labs Ltd India,2026-09-19
MED-003,Amlodipine,Amlokind 5,amlodipine|amlodipine besylate|amlokind|amlokind 5|amlong|amlong 5|stamlo|stamlo 5|amlovas,5 mg,Tablet,Mankind Pharma,amlodipine|5|mg|tablet|amlokind|amlong|stamlo|amlovas,LA-AMLO,strength|shade,Blood pressure / Angina,"Take 1 tablet once daily, preferably at the same time each day. Can be taken with or without food. Do not stop suddenly.",Amlokind-5 — Mankind Pharma India,2026-09-19
MED-004,Amlodipine,Amlokind 10,amlodipine|amlodipine besylate|amlokind 10|amlong 10|stamlo 10|amlovas 10,10 mg,Tablet,Mankind Pharma,amlodipine|10|mg|tablet|amlokind|amlong|stamlo|amlovas,LA-AMLO,strength|shade,Blood pressure / Angina,"Take 1 tablet once daily. Monitor blood pressure regularly. Do not stop without consulting your doctor.",Amlokind-10 — Mankind Pharma India,2026-09-19
MED-005,Metformin,Glycomet 500,metformin|metformin hcl|metformin hydrochloride|glycomet|glycomet 500|glucophage|obimet,500 mg,Tablet,USV Pvt Ltd,metformin|500|mg|tablet|glycomet|glucophage|obimet,LA-METF,strength,Type 2 Diabetes,"Take 1 tablet twice daily with meals. Swallow whole — do not crush. Take with food to reduce stomach upset.",Glycomet 500 — USV Pvt Ltd India,2026-09-19
MED-006,Metformin,Glycomet 850,metformin|metformin hcl|metformin hydrochloride|glycomet 850|glucophage 850|obimet 850,850 mg,Tablet,USV Pvt Ltd,metformin|850|mg|tablet|glycomet|glucophage|obimet,LA-METF,strength,Type 2 Diabetes,"Take 1 tablet once or twice daily with meals as prescribed. Monitor blood glucose regularly.",Glycomet 850 — USV Pvt Ltd India,2026-09-19
MED-007,Atorvastatin,Atorva 10,atorvastatin|atorvastatin calcium|atorva|atorva 10|lipitor|storvas|atolip|atorlip,10 mg,Tablet,Zydus Cadila,atorvastatin|10|mg|tablet|atorva|lipitor|storvas|atorlip,LA-ATOR,strength,Cholesterol / Heart protection,"Take 1 tablet once daily, preferably in the evening. Can be taken with or without food. Avoid grapefruit juice.",Atorva 10 — Zydus Cadila India,2026-09-19
MED-008,Atorvastatin,Atorva 20,atorvastatin|atorvastatin calcium|atorva 20|lipitor 20|storvas 20|atorlip 20,20 mg,Tablet,Zydus Cadila,atorvastatin|20|mg|tablet|atorva|storvas|atorlip,LA-ATOR,strength,Cholesterol / Heart protection,"Take 1 tablet once daily in the evening. Report any unexplained muscle pain to your doctor immediately.",Atorva 20 — Zydus Cadila India,2026-09-19
MED-009,Telmisartan,Telma 40,telmisartan|telma|telma 40|telsartan|telmikind|telpres,40 mg,Tablet,Glenmark Pharmaceuticals,telmisartan|40|mg|tablet|telma|telsartan|telmikind,,High blood pressure / Heart failure,"Take 1 tablet once daily, with or without food. Take at the same time each day. Do not skip doses.",Telma 40 — Glenmark Pharmaceuticals India,2026-09-19
MED-010,Aspirin,Ecosprin 75,aspirin|acetylsalicylic acid|ecosprin|ecosprin 75|disprin|loprin,75 mg,Tablet,USV Pvt Ltd,aspirin|75|mg|tablet|ecosprin|acetylsalicylic|disprin,,Blood thinner / Heart attack prevention,"Take 1 tablet once daily after food. Do not crush or chew. Tell your doctor if you notice unusual bleeding.",Ecosprin 75 — USV Pvt Ltd India,2026-09-19
MED-011,Pantoprazole,Pan 40,pantoprazole|pantoprazole sodium|pan|pan 40|pantodac|pantcid|nexpro|pantocid,40 mg,Tablet,Alkem Laboratories,pantoprazole|40|mg|tablet|pan|pantodac|nexpro|pantocid,,Acidity / GERD / Stomach ulcers,"Take 1 tablet 30–60 minutes before breakfast. Swallow whole — do not crush or chew.",Pan 40 — Alkem Laboratories India,2026-09-19
MED-012,Ibuprofen,Brufen 400,ibuprofen|brufen|brufen 400|combiflam|ibugesic,400 mg,Tablet,Abbott Healthcare,ibuprofen|400|mg|tablet|brufen|combiflam,,Pain relief / Anti-inflammatory,"Take 1 tablet 2–3 times daily after food. Avoid on empty stomach. Do not use if you have kidney problems or are on blood thinners.",Brufen 400 — Abbott Healthcare India,2026-09-19
MED-013,Simvastatin,Zocor 20,simvastatin|zocor|zocor 20|simvotin|simcard,20 mg,Tablet,MSD Pharmaceuticals,simvastatin|20|mg|tablet|zocor|simvotin,,Cholesterol reduction,"Take 1 tablet once daily in the evening. Avoid grapefruit juice. Report any muscle pain immediately.",Zocor 20 — MSD Pharmaceuticals India,2026-09-19
MED-014,Cetirizine,Zyrtec 10,cetirizine|cetirizine hydrochloride|zyrtec|zyrtec 10|cetzine|alerid|okacet|cetriz,10 mg,Tablet,Johnson & Johnson,cetirizine|10|mg|tablet|zyrtec|cetzine|alerid|okacet,,Allergy / Hay fever / Hives,"Take 1 tablet once daily. May cause drowsiness — avoid driving. Take at bedtime if drowsiness is a concern.",Zyrtec 10 — Johnson & Johnson India,2026-09-19
MED-015,Losartan,Losar 50,losartan|losartan potassium|losar|losar 50|losacar|repace|tozaar,50 mg,Tablet,Cipla Ltd,losartan|50|mg|tablet|losar|repace|losacar,,High blood pressure / Kidney protection,"Take 1 tablet once daily. Can be taken with or without food. Monitor potassium levels as advised by your doctor.",Losar 50 — Cipla Ltd India,2026-09-19
MED-016,Metoprolol,Betaloc 50,metoprolol|metoprolol succinate|metoprolol tartrate|betaloc|betaloc 50|metpure|seloken,50 mg,Tablet,AstraZeneca,metoprolol|50|mg|tablet|betaloc|seloken|metpure,,Heart rate / Blood pressure / Heart failure,"Take 1 tablet once or twice daily with or after food. Do not stop suddenly — taper under doctor's guidance.",Betaloc 50 — AstraZeneca India,2026-09-19
MED-017,Omeprazole,Omez 20,omeprazole|omez|omez 20|prilosec|ocid|omizac,20 mg,Capsule,Dr. Reddy's Laboratories,omeprazole|20|mg|capsule|omez|ocid|prilosec,,Acidity / GERD / Ulcers,"Take 1 capsule 30 minutes before a meal. Swallow whole. Do not open or crush the capsule.",Omez 20 — Dr. Reddy's Laboratories India,2026-09-19
MED-018,Glimepiride,Amaryl 1,glimepiride|amaryl|amaryl 1|glimpid|glimisave|glimer,1 mg,Tablet,Sanofi India,glimepiride|1|mg|tablet|amaryl|glimpid|glimisave,LA-GLIM,strength,Type 2 Diabetes,"Take 1 tablet once daily with or just before breakfast. Monitor blood sugar regularly. Watch for signs of low blood sugar.",Amaryl 1 — Sanofi India,2026-09-19
MED-019,Glimepiride,Amaryl 2,glimepiride|amaryl 2|glimpid 2|glimisave 2|glimer 2,2 mg,Tablet,Sanofi India,glimepiride|2|mg|tablet|amaryl|glimpid|glimisave,LA-GLIM,strength,Type 2 Diabetes,"Take 1 tablet once daily with breakfast. Do not skip meals after taking this tablet.",Amaryl 2 — Sanofi India,2026-09-19
MED-020,Ranitidine,Rantac 150,ranitidine|rantac|rantac 150|aciloc|aciloc 150|zinetac,150 mg,Tablet,J.B. Chemicals & Pharmaceuticals,ranitidine|150|mg|tablet|rantac|aciloc|zinetac,,Acidity / Stomach ulcers,"Take 1 tablet twice daily — morning and night, before meals. Continue for full prescribed duration.",Rantac 150 — J.B. Chemicals & Pharmaceuticals India,2026-09-19
